"contact_country_names","V1","V2","V3","V4","V5","V6","V7","V8","V9","V10","V11","V12","V13","V14","V15","V16"
"Albania",2.05166390242817,1.21650544579567,4.59785479838398,0.87116684478616,1.37467769502536,17.8804288317672,16.6246136012152,3.11910668309378,4.59762542980327,10.9576752255027,120.801018919511,12.3063358665647,0.240495356449402,0.501618680150673,2.62145440540224,3.3355683083601
"Algeria",2.54903417186492,1.75390731316414,5.80343429210711,0.626816731071698,2.23103290546318,23.8456965755821,19.6334632706112,2.22832067083335,6.60524425407936,12.1255351238797,101.859724607727,6.86629117653708,0.212850932324716,0.342584945191837,1.28900536404646,1.06886903316572
"Andorra",1.26460353696801,0.666273679814357,3.51880954227685,0.429801360175006,0.763273432536766,18.8460257487769,14.6358005608287,1.57367723118552,3.38757797207746,9.24787739222644,113.193336639364,10.0621636986062,0.168765640730276,0.364967305616647,2.85230102277249,3.05180210872859
"Antigua and Barbuda",2.52685174381512,1.83976112463515,6.13234758085663,0.938455055067471,2.2132030395157,26.7078431022037,20.5190069806413,3.34008900197475,6.66437319198918,13.4331325102289,130.933976071157,8.94494466122846,0.232699813364977,0.414214409469366,1.52752909042289,1.33506374745177
"Argentina",3.72924769862658,1.78818199336021,6.09295931461629,1.1590880705885,2.12864269045018,18.6576055776035,17.7925800440621,4.11712681686941,6.32278774165234,11.4419369280023,118.261241047221,12.7649874715869,0.29841741568866,0.503215957111283,2.22160179046123,2.58130995974361
"Armenia",1.79367981165654,0.963892655097879,4.82536010689665,0.842287709148704,1.307931215389,17.0029232971449,16.4620306196128,3.26993420760353,5.35876997979781,9.4593386386298,131.864669969512,11.8658147929518,0.239486019095882,0.371303674356192,2.359162620001,2.81633749896031
"Australia",2.60336697513677,1.23507908942917,4.73739505459266,0.748061735735924,1.50622357912846,16.2437779092644,15.2113684833299,2.63281573333463,5.24765719402555,9.61528861139,123.057625597233,11.6761651958171,0.276131690055797,0.431387374099578,2.77829336646518,3.99236030620052
"Austria",1.32717970404144,0.656888773113308,3.21884912485258,0.610878105171825,0.833005631538582,16.3024739422567,14.1105806321662,2.21563745512973,3.6252015999446,8.47123425208777,126.360500402973,13.3832542062125,0.246641884520578,0.434176607783797,3.49879119957061,5.45822508380623
"Azerbaijan",2.03918299823191,1.35037281337378,5.76095547804325,0.678198258411661,1.69412767308391,17.8803508423065,18.961066293737,2.53869974982344,5.89662080658957,11.2304762357673,139.499807480629,8.10943541047411,0.180697447136728,0.311758116052261,1.55999340128136,1.29934629990059
"Bahamas",2.31893484406558,1.48320578282913,5.18362637332119,0.600877964241816,1.836001465099,23.4162348768323,19.9076905277635,2.18517798547302,6.19734464049847,12.6663010841334,131.150957126148,7.49740843843643,0.21400802491695,0.360648866009613,1.68381063645912,1.53275478961819
"Bahrain",3.11536954504194,1.43203867805501,6.07473642749585,0.192971635577175,1.77473683287153,16.9918847546222,16.4578889034092,0.76130619928633,7.00233304177947,11.3087165709759,138.768743584264,2.78785560787791,0.0963020281670424,0.17279918527153,0.936535611372239,0.486229030957111
"Bangladesh",2.176871132356,2.12893510626676,5.978497049305,1.01239190161041,2.53587314041969,34.4462553166454,21.7147251699889,2.96675475007293,6.65647537941749,14.7851481855867,107.963920011309,9.32553419184506,0.224793939266534,0.439590459529756,1.37701766664087,0.568004881616199
"Belarus",3.54300115869088,0.958657159677997,4.38155795854082,0.63659055538638,1.25564398868351,11.1295946588132,12.5474606264566,2.36704417866742,5.24140115906519,7.98936128582143,126.130293411237,11.7285840445439,0.233963003664052,0.340200001724894,2.90269841015573,3.93292330733344
"Belgium",3.43335476695624,1.2197510412372,3.25251032197494,0.063574622527914,1.20937092879594,16.0349043618972,7.81039931458021,0.570215973257809,5.05746563111776,10.2540888551963,116.199867724806,8.90559617186655,0.287048884555515,0.433043529113101,4.43320416524274,5.84926797754919
"Belize",4.19942078911269,3.34778993359955,6.45292747596183,0.90175126922014,3.71416718950721,38.7100452842503,23.0760448658404,3.21382381386043,7.60486880612566,16.7782374993021,114.1868830332,6.88317550115198,0.246016578450006,0.507988023666274,1.14248454485641,0.867114509230243
"Benin",6.80357876008181,4.27752857567594,8.10200872768799,0.784290809833978,5.15153879613935,46.8658432846941,26.1330552018224,3.02993623012016,9.01025439131509,15.2071520632494,125.955116928546,4.71511424793258,0.238710296476246,0.377860212104936,0.910250940463268,0.442343657438229
"Bhutan",3.21893579494849,2.07490830538693,7.30258034910482,0.804982367555707,2.59945741056327,26.5102326328173,22.1240034473057,3.20893015838295,7.4732182677459,12.4053258062616,132.472911760895,7.21171884936557,0.225874812432419,0.33699072535989,1.25637606762215,0.930096384000768
"Bolivia (Plurinational State of",4.20425306042427,2.86217976965948,5.83122737061218,0.426566183057774,3.40410101139312,29.424039210319,21.1179777104388,1.52824312661771,7.0829108848007,13.4115737500082,125.285161330082,5.23213455526111,0.229319233629487,0.376692880650192,1.12989319176501,0.959185932534795
"Bosnia and Herzegovina",1.1250668815464,0.792055342238803,3.47832163031783,0.923449207617163,0.857249883679179,20.0212990824346,15.5856212563043,3.65267582737457,3.52072302904507,10.7314805217786,95.1432120175069,15.6681026579596,0.240141540552773,0.618559573986082,3.4674357734471,5.62481767050101
"Botswana",3.56500092777766,2.57922687839754,6.46073957290278,1.1172791452411,3.06371544727009,33.0905522337658,20.8416643638012,4.16373535483867,7.69922974703995,14.3931542343049,113.198752106698,9.80080277910284,0.257008634085073,0.476869547744385,1.22893247993758,1.34422423909719
"Brazil",1.75594834779842,1.36539613796087,5.59743249156994,0.915183092498305,1.59432090643904,24.3411864037479,20.2002699486132,3.23525698546666,5.28008062903792,12.5184639152277,127.812436148068,9.86560089799258,0.203156911887217,0.411778929897978,1.81278086593284,1.57545900072382
"Brunei Darussalam",2.93770199478063,1.73169421765112,5.99238707648287,0.406127353686931,1.96698941273553,21.0568180851855,18.867179882782,1.49935063907262,6.21596186637234,13.1960662854488,124.562141252736,4.59087674370931,0.125859030498829,0.258017299926321,1.12087672762463,0.706063273055525
"Bulgaria",2.99776434111102,0.898965824902283,5.05020937788858,1.30127489358139,1.07749136077168,10.7727821720557,14.0594249360684,4.76713754274521,4.01339773244067,6.82452409398474,118.705042037536,19.8261327297761,0.275575766610125,0.440871256630221,4.27734872258596,6.29318281456445
"Burkina Faso",6.41501418535236,4.65448693669002,8.55634493667743,1.129683258373,5.38868825410694,46.2460222142664,26.8194300103883,4.09436551937472,8.44183931976316,15.0342641863746,111.437053315303,6.21340753019805,0.279655561187628,0.479961447547653,1.05902096878634,0.53695802447882
"Cabo Verde",5.29761982463149,3.53342371731947,6.25390491676432,1.21804405483079,3.96257237729584,36.2167678420472,22.4998630150191,4.34716972913309,7.7073712527278,16.1610611123113,100.998106289925,8.68577334852898,0.305819303054996,0.602646146039661,1.17919144757896,1.15356493192371
"Cambodia",2.7631830001598,2.02036929137314,5.83348168178271,0.546356232214276,2.52191835402803,26.4350423331353,22.0619550261432,1.94679649230513,6.6353046367176,12.9694653814865,149.240071955092,5.76873512547721,0.199030112366408,0.331811787069564,1.16807824226849,0.848758226372499
"Cameroon",6.54322220930175,4.28089119621015,8.27937392702106,0.950222938506047,5.08332357383994,42.0772931898001,25.9619733486137,3.46520639255262,8.8945090183048,15.1306443718279,127.396827948499,5.63556835191983,0.266396594800337,0.425893778621523,1.01189200079585,0.519743947695678
"Canada",2.870876806528,1.07798965920579,4.24837209450274,0.544851083300064,1.31715529727906,13.4667547280875,13.8806711245708,1.90466509594663,4.66610774631598,8.66349633242704,127.859881115518,10.9075872596644,0.241539084969761,0.387977752868281,2.96594089463042,4.28152068639122
"Chile",3.1378934052312,1.48637852221283,5.42549006249413,0.818983105478199,1.77838955980395,17.1754364450134,16.667763196058,2.85275773013031,5.78234054182849,10.9650619932644,124.604414402139,10.4754286000908,0.247202708687813,0.428553028277157,2.2159199751837,2.34762696067393
"China",1.40966073379255,0.792417125012132,4.83178462251044,0.77679772628327,1.0434988281012,16.5923406970986,17.042329831015,2.84169125902924,4.63194515712115,9.24866272716614,135.157221331623,11.0536251056798,0.194278864393834,0.330011898159402,2.46537575175438,2.38075879721497
"Colombia",3.27036118980274,1.99495488921012,5.89041684213169,0.807955398929376,2.36591510190531,22.2060149741178,19.2646678797199,2.8103483292495,6.61213474951032,12.6895255322585,125.259271994812,8.91980915161404,0.245422605048188,0.433116774287342,1.66845846984647,1.49709535802521
"Congo",5.21686546878017,3.43963601620692,8.96235033629624,1.01479429007385,4.10651822196108,34.0546636644268,25.0899644013404,3.77825086915868,8.56890974236409,13.7060065981521,105.494270857989,6.11080113129369,0.234289657329013,0.367164063030738,1.07456441808607,0.595028446690411
"Costa Rica",1.79179868900777,1.34149031074117,5.45284585132037,0.72027259288571,1.59595579410357,23.0897327019275,19.2349271051718,2.55176142293988,5.45162622602791,12.152634514072,125.520744621664,8.45746856989898,0.192594513900336,0.37637515887929,1.72015960670384,1.41927045398419
"Croatia",2.25829105500131,0.859519401091606,3.84447383244555,0.828159084969743,1.09127028736847,13.6529116466108,12.9743907912818,3.10584361466874,4.49805145766513,8.54404025944095,111.617861364843,15.65667354429,0.274830432933002,0.490053934240853,3.73007394656929,5.97788694100588
"Cyprus",2.60053811019219,0.989198406811217,4.70765718988862,0.790966814958114,1.2207880754118,13.2708205574191,14.2147254329496,2.91776118763183,4.75868688159488,8.73103275747861,130.339804975437,12.5212737910978,0.235796615163186,0.399854713917721,2.93763277062013,3.8423851308142
"Czech Republic",1.58291965167986,0.688720454203761,4.0142757550347,0.766212634137668,0.983154555494228,15.5472083803634,14.1960581558703,2.60503852581307,4.38643005211552,7.67516613189095,128.445897781776,14.4591142699974,0.297351288676113,0.404816573568524,3.75825046778391,5.12692500266276
"Denmark",3.29084760656029,1.19252438910107,4.04997499766412,0.597840137314027,1.3644952737093,14.6896611256679,13.581715669792,2.11661947166625,4.68132113372029,9.356323451802,122.013026226053,12.4158772713268,0.306130222609263,0.525681954449804,3.48693662230072,6.09416890984461
"Dominican Republic",3.48470751501197,2.35783069725281,6.12449314366309,0.832659826657586,2.78453594376803,25.5897078805929,19.4786245657654,2.95596928906621,7.26474375943185,13.511327951515,119.33057445651,8.73632787332587,0.248475213921931,0.432064111986662,1.44270029565522,1.25364305192925
"Ecuador",2.94080131215505,2.19331361060607,5.73216151691398,0.769202975381566,2.65342286615389,29.7562545362093,20.2652110029845,2.77036288842234,6.91865516991892,13.5189574395002,116.520879608755,8.27530659144548,0.261700306807579,0.445233005622711,1.45154234692902,1.34257420170279
"Egypt",2.9667463723087,2.29915781496015,6.10104114121073,0.652415384632743,2.72149902818013,25.8900607781503,20.8729279776973,2.31064651614198,6.83347539508747,13.3886664122958,108.246478412433,6.42479057502109,0.199145760402079,0.361120704992729,1.190831673907,0.889946974687233
"El Salvador",3.47393273252991,2.25166317367438,5.8047321005525,0.897423721320778,2.62602162515594,27.6272219737865,20.4437152196539,3.18772649963118,6.68291578691429,13.9670198278034,118.527621458923,9.37400483901864,0.263392646165709,0.501894508794688,1.55129555333893,1.5137777308951
"Estonia",4.0915242513078,1.12460499977732,4.57280283482584,0.79555307732146,1.38482322654134,11.3304037969028,12.2593074290446,2.99226514583631,5.20392588676795,7.77637190422065,124.262012538784,15.3378780601489,0.306418566175477,0.437252340296166,3.51584722418494,5.91188301242392
"Ethiopia",5.41392944242705,3.87940421342731,9.11541969882774,1.20629848788254,4.6039174362752,49.5080438389904,29.5113458363475,4.13704636252498,8.24288600888418,15.8554529018422,129.479904663821,6.68944056851372,0.261329566695341,0.459902425135079,1.17674835797116,0.556962260675104
"Fiji",2.55884222338773,1.89709340878247,6.21265194139794,0.707629409268746,2.33360126416915,27.2279980967617,20.888445760326,2.46051784775401,6.78363101210571,13.2394516781753,111.081949672844,7.34378885003552,0.207691482133407,0.359439779154239,1.38482605207988,0.94857984693006
"Finland",4.15566573244925,1.62303390200327,4.06682148181925,0.851313659045422,1.94378211008967,16.0685271739338,9.8863806347247,0.28354100129627,4.31089475780707,8.46571231008472,117.330977807818,7.38421840277952,0.220187955405547,0.409126926004934,2.74300200030848,6.51593366271775
"France",3.80492079658713,1.30034677885889,4.18889473981846,0.546826761450429,1.51836073248213,14.5677863244798,12.7189401584495,1.94193813086299,5.17302177389507,9.4298026541646,116.251788658617,10.8107138953273,0.269711559665624,0.450566862602821,2.89867268523239,4.71459810488227
"Georgia",1.55793962760607,0.847038849556184,5.21930268943366,1.17074767179534,1.17564251786979,16.2938671267891,16.8406846502998,4.41274949962219,4.82608313801666,8.20378284805208,132.611523807813,15.715347655046,0.261808433510318,0.369989673709119,2.8211541461299,3.88809243564094
"Germany",2.28579255126006,0.418268422314108,1.4720217819377,0.118554853266217,0.960933945615021,5.04651693524622,5.76876848419663,0.306295052786682,4.44797686216837,5.91099376296136,73.233768560335,6.46470036132825,0.318711781874199,0.357238980165489,1.99532713560337,3.85704542940066
"Ghana",6.52526518521123,3.67038302131514,7.30499167454496,0.812739938553414,4.17181057266366,31.7809273153772,22.3980938613999,3.21487072463937,8.20926839678994,13.5987015559518,126.052748295076,5.99545103345826,0.237789233027652,0.436895689609597,1.04862392605524,0.545019626424163
"Greece",1.39600411803758,0.633471961742034,3.34758104800021,0.715460828930997,0.884504643792524,16.1671932969362,13.2506407050881,2.58056559055554,4.12444354963855,8.03876245530258,112.872545171745,14.5614753013618,0.284063042336098,0.446796416933022,3.70200842600786,6.36421441991107
"Guatemala",5.08418531747382,3.5762275826898,6.73214906245215,0.820024381091502,4.14729567489056,42.6018285056699,23.1164108235537,3.34900408241462,8.4023989174365,15.3775795139729,102.175238637351,6.39522096151082,0.264718891848228,0.439666230392434,0.986339979500815,0.837724454108683
"Guinea",6.14469079095357,3.79930717574528,8.2854434863312,1.62436677835922,4.53952893290892,38.567055476406,27.0472400072542,6.2098933489972,8.53115876699579,14.1081071868219,123.411826435712,10.0876783660046,0.321963806640624,0.484260695832855,1.20316792641567,1.18254241846932
"Guyana",2.96800545051726,1.81024587446708,6.26100004055435,0.783054325431419,2.15698367234697,20.1429576744344,20.2906821962939,2.69813017759303,6.33022394938117,12.4932034303946,115.354266691076,8.64517063039494,0.212989837281974,0.395841904507752,1.64741799432619,1.14633285209312
"Haiti",3.60274842579882,2.71219462899849,7.56472099344481,0.95221734722378,3.11334682001467,32.2094591110832,21.4279917397863,3.84528394052082,7.29932663430308,13.1150494063463,123.387629098946,7.23838392947074,0.235863644943953,0.40668898903144,1.18427459048187,0.871957182388938
"Honduras",4.8365020159371,3.35973296593447,7.79234958919499,0.987751147649529,3.90353920950523,33.7385665088873,24.2006322709901,3.46680423408019,8.12095957914632,15.0353032587927,112.428863997245,6.6835538989018,0.249112781622455,0.445732732101743,1.18042675052843,0.707293730783381
"Hong Kong SAR, China",0.964061825313659,0.478235578559414,4.07901523419213,0.594205309216304,0.611756209963745,13.1760494554744,14.9070362299382,2.21480052892384,3.03363680981654,6.82417909137942,133.806791403544,11.3407070894206,0.140493397196276,0.255002957257379,2.94585049375947,3.64087930526502
"Hungary",2.85265757236992,0.929905671691351,4.23650041834244,0.804549470375594,1.10123501381978,12.0429527710873,13.0173347838174,2.97301822308774,4.29565076210717,8.07795861008364,116.704198076377,15.361256152124,0.25932539445623,0.458186900029733,3.80930151304523,5.37390293427935
"Iceland",4.38740910017755,1.50899609298831,5.17962267096558,0.769738173812471,1.86119806402085,15.8346972162533,16.3574045684206,2.70702760844245,5.93620328521373,10.4301062054378,136.267286388979,10.3890610271115,0.279232117311493,0.426356545632848,2.43832098656032,3.1689729213783
"India",2.35304901404604,1.94218791340461,5.96458845555107,0.789629324634306,2.40848271169222,27.5002989160195,19.7505769625265,2.42512465585911,7.17227243608212,13.6798157179541,114.827385385661,8.96438221507469,0.256689003825753,0.452632426857794,1.54384988208903,0.848592805690429
"Indonesia",2.01738715992955,1.63368092445345,5.12713885842895,0.657247653253154,1.95116624312259,22.2010875243247,17.7449316516215,1.9949121351493,6.75396026942333,12.6544413943377,126.056833173967,8.92888803007709,0.23665809339132,0.410588337968147,1.56900769530438,1.0271476396415
"Iran (Islamic Republic of)",2.12712953209559,1.38373544292437,5.95805220867183,0.627558053817369,1.76870869587881,21.0801468901898,18.5938773143121,2.28875385093968,6.22068036969515,11.4367728390875,107.781445315515,7.06954791917048,0.184054532003639,0.296347921615687,1.40001463317071,1.15613419714614
"Iraq",6.14885463689048,3.90670721148841,7.50880792399944,0.933883977659723,4.60861400281976,38.7830089418395,24.3259444580263,3.50017973379761,9.12692104250313,15.2492874220351,120.964075076113,5.22371650571513,0.221220325253843,0.34470461808421,0.799569322447645,0.55666797121792
"Ireland",2.28393173404944,1.22227065635021,4.50798905768484,0.666445621464923,1.63140653456847,21.1863638692387,12.9535014529586,2.30277673326339,6.04636441950918,9.97911498021298,111.756787206783,10.1368810336826,0.302376694367819,0.439229279864139,2.43310605612111,3.27032907518258
"Israel",5.54669173975139,2.24100736386729,5.40294689467344,0.901092507783008,2.72960676467218,19.839254132283,14.5205557246444,3.25316909468479,7.00535912897642,11.4577501494974,111.496171114766,11.3866292033998,0.320058706722596,0.484343268351539,1.95451947660341,2.37161825420814
"Italy",6.22201051466863,1.39991962528963,4.18481959249998,0.293207501709102,1.55760893252174,17.5551759176771,16.2832209545852,0.624100020717486,5.73937538078743,10.1344094902561,142.116656677402,15.7990314156763,0.652085945478457,0.960561912795727,6.40546347732533,7.97428853333051
"Jamaica",1.79443183794818,1.56968752066911,5.67951928559444,0.943995912082871,1.80809941543469,25.0610941709987,20.0537825732698,3.46517936034922,5.31326451434484,12.4740039673207,119.78631156689,11.0772607070296,0.211479595319936,0.438650818662517,1.72262558387581,1.68681328896812
"Japan",2.54214354644918,0.896639329599351,3.76082847776371,0.678056087717579,1.06593279885066,12.2705059839096,12.3200227917397,2.43311926625791,3.54371215149171,7.12451534557397,116.665706589266,15.795609083863,0.266543397815718,0.482801371070156,4.32095960803974,8.37212666539865
"Jordan",3.91334921428427,2.9348415010382,7.04613968052611,0.730247897690458,3.45162961014677,34.7219795465429,22.5549460111158,2.56998248565932,7.84903909917395,15.3423430584124,90.3384284756837,5.21235412187457,0.213433472858281,0.390675925476754,1.04419740475134,0.616072101184969
"Kazakhstan",3.1199720723132,1.57569067072196,6.25202760162316,0.996319407924182,2.12358722512464,16.2178361131784,18.1889836499464,3.35466076044283,7.1117431315359,10.6484865766195,141.20728411779,10.9675877515697,0.288162255328083,0.39612566513557,1.88107536817167,1.68360633649525
"Kenya",5.76682195368415,4.17908498602758,8.72421399562464,0.720814793707909,4.40277987035763,36.7493983039792,26.4322744983691,3.47122435735178,7.46599205370853,13.9836042692254,114.510604558191,4.98542066378941,0.173641590234113,0.329278172325522,0.79439522276062,0.545458479161545
"Kiribati",4.16115861012086,2.72062691070012,7.0093071841615,0.74602034121982,3.46332224042669,31.5769634688045,20.1819176145012,2.59032729383178,8.21589048182641,13.0507003593986,96.9341916887711,6.14371127175043,0.241654528631842,0.374541990714323,1.14805971579192,0.68417619155355
"Kuwait",2.52204446569658,1.29888972945098,5.60559290255336,0.198304690561666,1.75235455789126,22.6519539594747,17.0551796014437,0.613450733439853,7.69961149882756,12.5000091571014,133.303624265708,2.53675728394142,0.131915783231293,0.220215390365844,1.02379437359695,0.457089750572159
"Kyrgyzstan",3.63260560882942,2.2705680272867,7.18804752508029,0.639304321991702,2.89622016712727,21.8229770669209,21.3330902979888,2.53389286725115,8.01993383588492,12.1763693404731,123.211951716474,6.5198026623443,0.207970840361631,0.300018217164004,1.18198010336022,0.773489057382304
"Lao People's Democratic Republi",3.84621233133485,3.34699853561789,7.15148861699067,0.861892508107273,3.71824337244767,38.9278229579213,24.9911779457898,3.10202169196218,7.10111754744638,15.4959081853474,108.830124386503,6.00253503384816,0.217154670374733,0.450373507190647,1.10406754340633,0.654447703016153
"Latvia",3.3453264031301,0.944405535013469,4.76155272250558,1.09703894328435,1.15313475280738,10.3382788516535,13.2256824046098,3.99878507741967,4.340914188797,6.96442427941238,128.72044239882,17.5021051936577,0.278862197102365,0.414631275296816,3.69971855498264,5.71816365760861
"Lebanon",2.93655474015724,1.72413598699303,5.63514574683987,1.10480652878455,1.86002111947388,21.4963693914056,18.1737929759074,4.07078212907629,5.3091462190404,12.4257316530926,99.3454188064627,11.9690372174612,0.243275526021985,0.532585711598645,2.0993384810611,2.50196563305114
"Lesotho",2.80618171140006,2.39695407165096,5.58498218111925,0.709948544235616,2.77586807014097,35.8356294332285,21.5591886408733,2.76722412404915,6.20322524997111,13.8286509384516,124.396018258484,6.96923837284226,0.231459655488444,0.435371116014568,1.18540917155009,1.18282095329446
"Liberia",5.13049492786888,3.77183526981834,8.37254969999041,1.27472569713154,4.29579465124478,38.2186157994721,25.4079116715081,4.66259158264821,7.95374189262501,14.5679709302489,110.102099266148,6.69221571917821,0.220150859916719,0.394902251875444,0.942883004738814,0.611749678884615
"Lithuania",2.26570026181162,1.16066884986177,4.37898142379589,0.928136361158389,1.23095710682135,18.3532924955521,15.5708041298993,3.50163736185517,4.11668644139348,10.9986402984612,126.293328163684,14.467322928928,0.258627263674192,0.619901829989444,3.23898122757702,4.57501133784349
"Luxembourg",1.79674758381824,0.846462396489789,3.26124473305086,0.135751085949041,1.34788970259386,23.4721862939828,17.3514240231344,0.28494110465773,4.71515078132437,10.6468137161574,160.630313483097,13.1421284562034,0.313901880728681,0.459637395033765,3.86948289389235,7.45718375615557
"Malaysia",3.55252067410194,1.93772811306172,6.0709438371728,0.581702162575105,2.23372437822396,21.0703915092575,18.666837609067,2.11939494130491,6.3885130636509,12.3874822386118,126.064968698506,6.59689281915572,0.186403512980639,0.344494105176586,1.42998608702795,1.123637364365
"Maldives",2.25393940645345,2.02803038558203,5.20813158184325,0.750085871607638,2.26862634611991,31.7758901092117,21.7231413866003,2.66747830912936,6.00914156380374,15.4650199298816,133.504543494054,7.32274199724656,0.197275124432348,0.442353468986863,1.19145313472025,1.00449056200082
"Malta",1.44661762587657,0.658471851835922,3.33780886746069,0.638299246035044,0.824709992886182,16.6080653470528,13.7980630667492,2.28028588783775,3.59647287917341,8.45203602202059,119.296890960398,13.9166912947464,0.256492764787357,0.468439722059122,3.84199159659387,5.05411021714309
"Mauritania",4.77973771106097,3.43144054499992,8.81379409384967,0.961791263933829,4.05442689268141,42.9303215632175,27.2089845740406,3.59654946015791,7.8984116449713,14.5602300360259,92.8190100257831,5.90416781585051,0.227953822214644,0.402109810006885,1.14779300207678,0.542369181547569
"Mauritius",4.36152277835292,1.69157099860728,5.8373341725439,0.707167913964179,1.74248762218308,18.3547982586086,16.8513339932202,2.5597237835258,5.16441132634841,11.20476572063,115.232328070582,9.15843933245035,0.17192162518149,0.373691973132533,2.06817428708895,1.9161306783064
"Mexico",4.50531224466371,2.32661813226444,6.89447939797029,0.918524191843987,2.62935936135398,24.2537939609515,20.9769853264729,3.31612285241884,6.93068624415506,13.7347401526461,114.580133692387,8.15672747648479,0.225788063898261,0.42408367075628,1.53696362131783,1.26951767470306
"Monaco",0.983498960510495,0.599747348302213,3.20347747626054,1.20298100882697,0.65472112197516,16.6788231039153,13.3016888381795,4.38805644623247,2.8145768281856,7.41100464865559,96.9571321253818,22.7494259476355,0.295089823723169,0.673424131813089,5.57597755164143,14.7888598695052
"Mongolia",4.40123660678525,2.08194678686834,7.06463013132505,0.635974076541859,2.68337392807614,18.8204813939809,19.5580263782419,2.23092737332998,8.03656921438542,11.8203708654602,121.350612038498,5.89413612360161,0.197777330258976,0.283912023226098,1.18260220683862,0.705664320801699
"Montenegro",1.99722331302982,1.1191025137525,4.48771839500686,0.791117675153738,1.35487147178546,16.9944339963238,15.2111502137792,3.08985953816316,5.20162258544071,10.3014125730533,111.825907047442,12.925067912889,0.266470037525133,0.478029867216246,2.85955485672044,4.11505021576789
"Morocco",2.19524200820949,1.65720595584329,5.82674754507611,0.912542580299456,2.00936712075628,24.5996494003045,19.7077481676116,3.33295197859331,6.21311015598972,12.3990636574602,107.368641992547,10.8360710435796,0.233508070358345,0.425971432956366,1.69298414770765,1.66198442594006
"Mozambique",7.51027184419334,4.68140091666757,8.50953002144303,0.81683130093137,5.28886028845328,47.0053763534521,22.3324459405418,3.55249097482616,8.70728773804128,12.9261556726984,110.516711847004,5.08535868516356,0.232042994895367,0.349134558140316,0.797298386264787,0.54886747571913
"Namibia",3.98574113104774,2.6946560565292,6.12811156265974,0.661279259405663,3.35843106484346,35.7269965629965,21.1573126037734,1.86961557595048,7.78605172167814,13.7333731504988,127.18985053815,4.95255267881317,0.294789250897322,0.428906075446677,1.13870353223044,0.700262828293677
"Nepal",2.3311432686225,2.34348078375635,5.72720346050738,1.11972374707921,2.66373089617538,39.0189712335818,23.2208173373481,3.48961711856655,6.44958180243459,16.2381971725566,137.175755966795,9.91576448851688,0.25048515653655,0.54138387662203,1.41079156038232,0.829589931791976
"Netherlands",2.04815252803368,1.01490092283867,3.81431154625104,0.073051440424631,1.00888284857917,25.3973284610721,14.6305100775745,0.396994541280277,4.00767344885024,8.62714794823224,146.942829417528,8.66898567224611,0.14188535453858,0.458215104350733,3.50262625810366,5.43274531283052
"New Zealand",3.91669624695887,1.45150549155514,4.85336941367845,0.745334102587191,1.77973265967881,15.6167772573051,15.2131442690348,2.59110338180003,5.70662622817604,10.1586330607878,128.646581604986,11.4851226726539,0.308958275402158,0.474895181742807,2.81380851633275,3.99924453466528
"Nicaragua",3.29459822383179,2.62566239620853,6.41649120162216,0.703561926600953,3.05955120452471,35.7251396644971,22.4322932272042,2.6854881524717,7.58518379110842,15.0533559984976,115.193145373719,6.49178884988555,0.231939519329694,0.419768909618983,1.08773528221791,0.708737056228123
"Niger",7.88374453766031,5.10696158960191,8.31012671742976,0.834257983534069,6.09173560881213,59.3294327177573,26.518984098335,2.87144801046804,9.23414944182116,15.8859924740385,91.2727002868848,4.43579251424222,0.264091355187639,0.442044324421193,0.946747513948128,0.36983000401691
"Nigeria",5.5367331172324,3.84137928810752,9.12509479802788,1.32456831820771,4.22543112838894,39.2990827796064,26.7514110862785,5.48488689122923,7.86446742039563,13.8629132067516,113.906851899804,6.6724853918059,0.177086797422065,0.294739528432859,0.775224204532845,0.660636665013649
"Oman",3.31916969686045,1.52127416126126,6.17581803276685,0.276501130227361,2.02134240209657,16.4324990481494,15.7091167674682,1.0501489580256,8.22965021870309,11.2657779795788,123.551295353985,3.40369239166119,0.13087168698401,0.199191581870763,0.932480208919593,0.588128887794738
"Pakistan",3.88030780306963,3.50145634897046,6.70158866201849,0.73673712855975,3.88448346835177,45.7976630771842,24.1061615738266,2.65650610326999,7.33002403429328,16.4435816000509,96.5771029907424,5.39062177253481,0.216613567440532,0.451555856063201,1.02772926417289,0.563658340190682
"Panama",3.80827330970745,2.20797590574336,6.07443373793433,0.689580539020794,2.61421474450804,22.4635897900915,19.2496885674004,2.4495668714653,6.85481007721287,12.4633795332975,113.619708335264,7.85018267785195,0.249278485433445,0.415788137596882,1.57181284339021,1.4072811391259
"Paraguay",3.64914367257519,2.5318099382915,6.05292822320773,0.668180127782058,2.99671309781411,27.5707789619764,20.3889962902733,2.39108075325724,7.20094390677599,13.6898716668885,125.396228610621,7.08109178965567,0.23564694624521,0.405072672787062,1.2813182049462,1.08780975886299
"Peru",4.19168961913857,2.22897004238064,6.09419439439072,0.714356681670385,2.61444152720917,23.9348886905152,20.5005311500242,2.50893780029878,6.78160300644691,13.2958049657158,130.860148274077,7.84544618499039,0.234272907273016,0.408759954819025,1.49520923221875,1.30515987432758
"Philippines",2.86718334240003,2.41405168774353,6.04132813224451,0.61259602441491,2.89988480971225,30.6394218711225,21.1918749085283,2.23233180917976,7.06926648679472,14.0408283879821,121.209539419601,7.69906055798321,0.208355766350697,0.378006793532723,1.21261285149555,0.947385394059598
"Poland",3.75039685261192,0.75303719392018,1.9096281718054,0.271634990800914,1.15822019663202,18.0757897693613,8.43254964465755,1.65826812283609,4.93464398368254,10.1388885247375,144.016048371255,16.3701685982619,0.171194620930939,0.458721412295011,3.44106718947931,8.35015328949111
"Portugal",2.58960284734567,0.930884164910129,3.5243157108045,0.617038554357036,1.10944757065777,13.9482440286001,12.1803217785986,2.23125350697569,4.25184523091084,8.68505943139186,117.769354400221,13.6779866985295,0.258203004719784,0.490546265143512,3.66236224266862,6.07244212422891
"Qatar",2.48843106679,0.925330922043283,6.01971203746603,0.0824526471942313,1.16894437034146,12.5917994073402,15.5185561457435,0.337130675392624,5.40166615999143,8.19252859479296,175.893412111242,1.36960968266553,0.0431638086136912,0.0785985665177949,0.720289412954737,0.241196511574665
"Republic of Korea",1.3230324832343,0.687219821852966,3.7367859541909,0.538136452935681,0.855496542652572,16.5173970129178,15.5529882340316,1.96518578738634,3.64031240651075,8.8981904257906,129.085751610858,11.003153601352,0.192390990282425,0.371892197190913,2.90807687910654,3.43536350558857
"Romania",2.94217125521448,0.966386673910788,4.45151067133626,0.838641985957909,1.18254746399746,12.6122482467529,13.3891165006296,3.07317461345705,4.72548640204142,8.50949488044273,115.523121944013,14.2374256345213,0.238974911500044,0.414296477345419,3.26794395266335,4.55913336039755
"Russian Federation",3.11215238295199,1.00038441592925,4.88823317636786,0.73417382588108,1.2693771430276,11.4835491635024,13.6355692044184,2.82995848400349,5.08674794289909,7.93669070865039,131.325487153538,12.4409256635665,0.226373040453759,0.331668785429288,2.86744909773593,3.69292004295698
"Rwanda",6.99790596969683,4.11681759613886,8.35827291205659,0.70187937510886,5.03489501807447,35.9569996403159,23.2799227722562,2.5363073976542,9.9120117340658,14.291249848646,127.005054747017,4.26317499226934,0.226155664775711,0.334666098529403,0.882974098246548,0.412710610495023
"Saint Lucia",3.08123493150706,1.74869559918956,6.30125010317805,0.943599479987707,2.16101967535474,19.861562609994,19.6158366668089,3.37568631396237,6.66504066295156,12.1523141100966,130.392337366621,9.26727861753854,0.225685059708112,0.382560038572128,1.57282622172348,1.33555392067954
"Samoa",4.53601084550856,2.99702570966666,5.58533029662841,0.774840034991199,3.7473858684299,33.301507768232,20.2264065151856,2.68815929492428,8.07172088047928,13.8843502164965,75.2765583784603,7.59114093353847,0.310582863848747,0.475386477713634,1.22136172416449,1.29307510421369
"Sao Tome and Principe ",7.04261582342409,4.05301532055237,7.40018572561745,0.854488448130618,4.55604685741987,33.3859184546126,21.6789217554984,3.61973830761348,8.54569818475211,13.8834100389283,77.6812329839967,6.14755237895999,0.257736764829228,0.406276169792244,0.897542476372529,0.764102436928949
"Saudi Arabia",3.23923719865051,2.08700876863881,6.19779713419497,0.346032922627521,2.59914915204395,27.5937359464136,20.2158061603242,1.24008748039767,7.85976380208083,14.3373194736011,108.699997100161,3.65953590936773,0.149447869525822,0.250454137289044,0.942261386410848,0.524709409821852
"Senegal",5.85643597161192,3.90409931377542,9.58654127925056,1.77061057821888,4.34017519677522,40.6191884305759,27.3129835667723,7.04299004375382,8.12052583794946,13.8185695525689,101.566490573588,8.47845452412477,0.211088876032295,0.32480986794799,0.863123079211525,0.816168556394463
"Serbia",1.88556380478542,0.821311904155943,4.27083945661908,1.01195375242739,1.00207813172728,12.847251880043,13.8764375578955,3.83791764719722,4.09176824575356,8.02991942590829,114.249845645977,17.0827487747824,0.252957783878117,0.463654753770293,3.98001761356477,5.92855164016384
"Seychelles",4.32482636189602,1.59859875461525,5.9132590476538,0.778781303148564,1.94029682886554,15.5681122909148,17.1581602069629,2.85367155600283,6.56146528940611,10.9968876617196,125.935570508365,9.31372047667175,0.230479247043404,0.371466879569409,1.95010825772455,1.77950453989967
"Sierra Leone",4.96496419773958,3.80703521764007,9.08947432512491,1.32041830849983,4.45008290683695,41.9757144290205,27.6198104012893,4.65575471065346,7.65309491333328,14.2612563186919,117.295984835676,7.3132340901163,0.269200802143023,0.481958980715495,1.22561336501235,0.586061268010873
"Singapore",1.29590379433462,0.740666355930027,4.00122956984948,0.553191597764147,0.920995581230786,18.4512779313692,16.0404301934378,2.07161914782605,4.11810692851322,9.86045245376678,135.383218107962,9.39693098551913,0.171106742782858,0.339302025650056,2.55382880086073,2.57922136413319
"Slovakia",1.32266420898517,0.703218888471854,3.89936483106471,0.623287655810077,0.93151845407825,15.9120844124236,14.6861298021193,2.40853664077376,4.54937054845745,9.02381131376978,132.239590846062,12.882206358718,0.226709155768109,0.404399579543512,3.04798421272422,3.71469200673699
"Slovenia",3.39234809772308,1.03472331869169,4.58276655241626,0.788800859204771,1.33456426767597,11.6865689784783,13.1821061923979,2.15381994761134,4.56534244458402,7.37313087570745,119.492040758556,13.2597790837811,0.271125359149178,0.368810353019206,3.43876179588956,5.26670353218443
"Solomon Islands",4.87404104931311,3.49510478228935,7.95450208786235,1.08537769148478,4.09886702115655,37.8047222479812,25.1129850365632,3.91244372420136,8.3552184005453,15.0709412011307,104.278394972135,6.5054913699821,0.244617227367955,0.41956747177555,1.05935333203109,0.649697707087872
"South Africa",3.07357486300986,1.98357788572545,7.25829474373837,0.858733322099267,2.46830927825485,29.414212943343,21.8629009654467,3.44535964722651,7.17514622056484,12.2361094366604,112.414232554734,7.53367265559956,0.224936390429857,0.338948648885084,1.35448035182579,1.03782227480239
"Spain",3.97776206960511,1.09214250979288,4.05032310267332,0.571555004687802,1.28608299387524,12.6151944869903,12.0321328071635,1.97335522639898,4.6093866692303,8.13396122870157,117.937073380645,13.0715665881395,0.272588079534014,0.439671260296282,3.42028476067613,4.8626410841804
"Sri Lanka",2.03489442633909,1.62734147607551,5.86112786938755,1.08314286047969,1.95277937083897,23.469835145077,20.2188696262853,3.69730333981164,6.0223653063484,12.4938729937886,112.349843634654,11.5677219286164,0.244631967666141,0.460182960937937,1.82268389880498,1.63279831860799
"Suriname",4.45696680729238,2.21557158894865,6.35606033703578,0.899625022642017,2.53272768826837,21.9030467852483,18.5089665045257,3.08206267024592,6.8670266438982,12.7734278424225,113.018421893812,9.60379809077821,0.240768739566993,0.43587248917842,1.66464876449262,1.36147307946822
"Sweden",3.73423527581208,1.18276061601319,4.16104366036942,0.622241971230537,1.44852825366952,12.560730756535,12.7030022963187,2.11262576571431,4.9469537130273,8.38257088165648,129.17268050087,12.4146940007179,0.318570164024597,0.46892229206895,3.41465090985774,5.96817823593019
"Switzerland",1.34871428553309,0.660901714474986,3.10296041267138,0.536541433496171,0.801479725981452,17.410127362112,14.5181330744947,1.8888805988513,3.39582154858251,8.65615183240524,134.936506692293,12.8586665882913,0.23662001901893,0.448249749033598,3.53143529693071,5.12770322352209
"Syrian Arab Republic",4.08584459274354,3.00000467404057,6.41137532961208,0.767398554480427,3.52166362397113,33.167075569455,21.6970198065383,2.30073871701036,7.85621944624982,14.5500499246585,91.1347249198788,5.42461657432661,0.311038611919313,0.48982619778085,1.25834334209085,0.779288481013553
"Taiwan",1.13133995414878,0.755836915256742,3.94477558175294,0.478858309749523,0.834504782326535,19.138916154441,15.7203205598029,1.79315796699941,3.43405607030071,9.73342466909874,125.43070186589,9.41187401773228,0.143981323291001,0.339891055110235,2.42644342840161,2.79264198220678
"Tajikistan",4.20624660468473,2.75025907701985,7.55542980802955,0.71088374901411,3.35864180149087,28.7251244651885,24.5426908098213,2.86717446528814,8.14510429513463,13.7621522535317,121.839207162631,5.39863664105375,0.191729705667784,0.307022460760577,0.953835394196513,0.584757628940917
"TFYR of Macedonia",1.58829327540052,0.93658971653334,4.30087073950611,0.763874240420983,1.16133147183495,15.837090343257,15.334834443767,2.80266649079519,4.82723920989088,9.89758175197854,124.39903943001,13.3835415282136,0.244159007382689,0.45906620901791,2.94462105836242,3.68818226649275
"Thailand",3.27190984947501,1.34573922758008,5.26764924983778,0.72032358317456,1.51293571696212,16.4557965574906,16.6384497813902,2.62649246774567,5.23543678325225,11.1783019499833,136.52977416109,10.0719042890879,0.192259212556317,0.393762542592655,2.23944868793199,2.16119287840047
"Timor-Leste",6.26988869227997,4.30325240909023,8.96819108101128,1.274982142483,5.12044443230714,44.1690138991062,26.7492216950058,4.29575171382167,8.51991965602497,14.5235821929837,85.7581484833299,6.72634593142587,0.304329327511667,0.495294962817857,1.22311875209976,0.564814983307667
"Tonga",3.14433076663571,2.40158542359389,5.34974192811048,0.878370262050645,2.90522535738227,30.7636469362103,20.382927875091,3.15148540058318,6.63439719027835,13.2086189073154,89.3095607481135,9.3337177240315,0.311278041897959,0.545729756662668,1.51053411163962,1.82424607510946
"Tunisia",1.94921047596773,1.41392385372734,5.56628141844378,0.802279391800214,1.74387778781749,22.3053291828076,19.3311195633319,2.8882557240312,5.72245115632501,11.6973228078083,107.975204998473,9.28974173100931,0.218054757292127,0.386423100519555,1.69369323494719,1.58720901162258
"Turkey",2.31600736210567,1.63628827929484,5.7857522018139,0.97890939897195,1.96472618938552,22.3944439618851,19.4057546455104,3.45952171172713,6.08720481349264,12.1406757958774,104.30237925572,11.1244264110018,0.250594762951321,0.459130557205086,1.96380225959583,2.11112180030132
"Uganda",8.9009506621436,5.57283003543019,9.53754081567419,1.11195493981971,5.96921645079978,49.9448830076377,26.8643176503391,4.32184334956523,8.25174426638007,13.7781224383593,127.029796088749,4.68897252324417,0.139917485014413,0.239523475360187,0.522541854450504,0.415850126756882
"Ukraine",1.61674553806209,0.650060724552815,3.88921422324614,0.758390528415647,0.903363610479003,14.9791565600151,13.9735445121077,2.90871698143229,4.11417417803719,7.54303948945321,126.31554313945,14.600522289995,0.268018149647388,0.37997094820909,3.50469926556,4.72224792775679
"United Arab Emirates",3.670150786353,1.42483375705389,6.03805058693936,0.0619667758717609,1.70648693840681,15.8350708577803,15.5743715650446,0.268250739079894,7.00602439011892,11.532597612301,149.088902772299,1.11280229443261,0.0654134810767029,0.136085394287709,0.686803982959846,0.204298217497945
"United Kingdom of Great Britain",1.7112383721011,0.999194367332525,3.08735181818432,0.158339473476627,1.19223520502091,11.2990389124229,10.6613360414043,0.84244601723028,3.93014068829052,7.75641501160528,93.9395488904572,10.9810960309456,0.0879280111091725,0.236404756412772,2.04153080373346,3.44707456581712
"United Republic of Tanzania",5.59497091042242,4.04156129109633,8.48173471007496,1.12861731706428,4.74832301104249,45.198953811032,27.0934955314164,4.11028491947336,8.17752979133054,15.0199480609445,126.63337107345,6.47401796966312,0.263557913228307,0.463968624723484,1.08892998625392,0.573173589464886
"United States of America",2.59823747416846,1.29452775740758,4.38053293076514,0.59186622992991,1.6006817684668,16.7839305028943,15.2777709273257,2.13907374241354,5.08603030500953,10.0482465487174,121.0409942562,10.1306360219374,0.248696214394392,0.42606184491832,2.53134245456492,3.48124349138974
"Uruguay",3.21274753773651,1.53202647800148,4.75830176046991,0.874513575645121,1.77559323008495,18.7027536980278,15.8886332783366,3.22385378893785,5.25116569597441,11.0877020389678,122.964823932137,12.184334428951,0.279590475045159,0.537943707079677,2.53891141922527,3.87877280090966
"Uzbekistan",2.70405085750232,2.5660462758155,5.70724784468625,0.858881240786218,2.83295488789939,32.1434457885109,21.9912743969341,3.20739830244065,6.53692537843704,15.5160974052237,97.1030065309483,9.03476683419473,0.209275942347691,0.471103236157542,1.18814985553722,1.16222893190559
"Vanuatu",6.01831312456348,3.69038797239902,8.27703007477988,0.586631924520041,4.34972553854618,33.2378950469551,24.7919733000268,1.66874832959693,8.93850240299848,15.1319445609959,113.863854266008,3.15437478447875,0.202032963042529,0.345622769413785,1.00601147231883,0.267345655066214
"Venezuela (Bolivarian Republic ",4.43446037512117,2.2595890141517,6.50419810178428,0.988159355344508,2.65597961448719,22.4056867203729,17.9861254846999,3.44526459797956,6.86923098171839,12.4816608039918,117.575876114908,8.87455988996767,0.252410367714404,0.431492928003042,1.66861205816652,1.35525178879811
"Viet Nam",3.42420658745517,1.72187434104128,6.07454210198747,0.751999720946533,2.02735121756795,18.2341720480082,18.3914429111614,2.66327336543604,6.36659463250283,11.7364720944975,143.251162709322,8.56491619665252,0.202146154961009,0.355512077917587,1.66829783873605,1.30604858151566
"Yemen",5.93621148278748,3.72660769765382,7.21475662099164,0.687779038683686,4.40414439866874,39.3036717354386,23.5543305032969,2.88323687403894,8.67051038754263,14.4214294654828,88.7681370648882,4.72747495468696,0.21418106577806,0.342515158468327,0.767338193314059,0.537479057171717
"Zambia",6.39991848669938,4.51715182480676,8.44082242479117,0.672236150646373,4.8629927590106,45.5968483565503,26.5548066693514,3.23466830387133,7.57494809954132,13.8054208658708,123.595851149643,4.41638104924428,0.183002192054056,0.320162296830139,0.711721200230131,0.467573863792476
"Zimbabwe",4.61906622889019,3.44314317192714,7.20346132387492,0.979302328981465,3.89027186559811,40.4704543481474,24.3567502963938,4.19449164210601,7.72207577375513,14.8025033714563,121.84437808564,7.21623841173254,0.236620645207126,0.431630700670305,0.943913843748002,0.864597552561994
